Model Name,Accuracy
kNN,0.3711151736745887
Random Forest,0.376599634369287
XGBoost,0.37294332723948814
LGBM,0.37294332723948814
