Model Name,Precision,Recall,F1,AUC
kNN,0.78125,0.9375,0.8522727272727273,0.9095235697018533
Random Forest,0.8268551236749117,0.8357142857142857,0.8312611012433393,0.8783728559917118
XGBoost,0.7578659370725034,0.9892857142857143,0.8582494190549961,0.923329400253252
LGBM,0.755464480874317,0.9875,0.8560371517027864,0.9216307413376309
Survey,0.755464480874317,0.9875,0.8560371517027864,0.9216307413376309
