Model Name,Accuracy
kNN,0.4625228519195612
Random Forest,0.4570383912248629
XGBoost,0.4606946983546618
LGBM,0.453382084095064
